--INSERT STATEMENTS

INSERT INTO  departments (dept_id, dept_name, location,  annual_budget) VALUES (1, 'Engineering', 'Toronto', 2500000.00);
INSERT INTO  departments (dept_id, dept_name, location,  annual_budget) VALUES (2, 'Sales', 'Calgary', 1800000.00);
INSERT INTO  departments (dept_id, dept_name, location,  annual_budget) VALUES (3, 'Operations', 'Vancouver', 1200000.00);
INSERT INTO  departments (dept_id, dept_name, location,  annual_budget) VALUES (4, 'HR', 'Toronto', 600000.00);
INSERT INTO  departments (dept_id, dept_name, location, annual_budget) VALUES (5, 'Client Services', 'Calgary', 500000.00);


INSERT INTO  employees (employee_id, first_name, last_name, hire_date, job_title, dept_id, email, status) VALUES (83, 'Sarah', 'Chen', '2019-03-15', 'Senior Enginner', 1, 'schen@peoplemetrics.ca', 'Active');
INSERT INTO  employees (employee_id, first_name, last_name, hire_date, job_title, dept_id, email, status ) VALUES (84, 'Marcus', 'Okafor', '2020-07-01', 'Sales Lead', 2, 'mokafor@peoplemetrics.ca', 'Active');
INSERT INTO  employees (employee_id, first_name, last_name, hire_date, job_title, dept_id, email, status ) VALUES (85, 'Priya', 'Sharma', '2021-01-20', 'HR Manager', 4, 'psharma@peoplemetrics.ca', 'Active');
INSERT INTO  employees (employee_id, first_name, last_name, hire_date, job_title, dept_id, email, status ) VALUES (86, 'James', 'Leblanc', '2018-11-05', 'Operations Manager', 3, 'jleblanc@peoplemetrics.ca', 'Active');
INSERT INTO  employees (employee_id, first_name, last_name, hire_date, job_title, dept_id, email, status ) VALUES (87, 'Fatima', 'Al-Rashid', '2022-04-10', 'CSR Manager', 5, 'falrashid@peoplemetrics.ca', 'Active');
INSERT INTO  employees (employee_id, first_name, last_name, hire_date, job_title, dept_id, email, status ) VALUES (88, 'David', 'Park', '2020-09-14', 'HR Officer', 4, 'dpark@peoplemetrics.ca', 'Active');
INSERT INTO  employees (employee_id, first_name, last_name, hire_date, job_title, dept_id, email, status ) VALUES (89, 'Nicole', 'Tremblay', '2019-06-22', 'Senior sales Rep', 2, 'ntremblay@peoplemetrics.ca', 'terminated');
INSERT INTO  employees (employee_id, first_name, last_name, hire_date, job_title, dept_id, email, status ) VALUES (90, 'Kwame', 'Asante', '2023-02-01', 'Lead Engineer', 1, 'kasante@peoplemetrics.ca', 'Active');
INSERT INTO  employees (employee_id, first_name, last_name, hire_date, job_title, dept_id, email, status ) VALUES (91, 'Linda', 'Nguyen', '2017-08-30', 'Lead CSR', 5, 'lnguyen@peoplemetrics.ca', 'Active');
INSERT INTO  employees (employee_id, first_name, last_name, hire_date, job_title, dept_id, email, status ) VALUES (92, 'Tom', 'Kowalski', '2021-11-15', 'Mid Operations Spec', 3, 'tkowalski@peoplemetrics.ca', 'Active');
INSERT INTO  employees (employee_id, first_name, last_name, hire_date, job_title, dept_id, email, status ) VALUES (93, 'Legra', 'Christene', '2024-01-13', 'Lead Engineer Writer', 1, 'lchristene@peoplemetrics.ca', 'active');
INSERT INTO  employees (employee_id, first_name, last_name, hire_date, job_title, dept_id, email, status ) VALUES (94, 'Adham', 'Childrens', '2021-08-21', 'Operation Manager', 3, 'achildrens1@peoplemetrics.ca', 'active');
INSERT INTO  employees (employee_id, first_name, last_name, hire_date, job_title, dept_id, email, status ) VALUES (95, 'Gavin', 'Seignior', '2021-02-19', 'Sales Analyst', 2, 'gseignior2@peoplemetrics.ca', 'active');
INSERT INTO  employees (employee_id, first_name, last_name, hire_date, job_title, dept_id, email, status ) VALUES (96, 'Ahmad', 'Wyldish', '2021-08-29', 'Assisstant Manager HR', 4, 'awyldish3@@peoplemetrics.ca', 'terminated');
INSERT INTO  employees (employee_id, first_name, last_name, hire_date, job_title, dept_id, email, status ) VALUES (97, 'Seana', 'Orme', '2022-10-02', 'Head of Operations', 3, 'sorme4@peoplemetrics.ca', 'active');
INSERT INTO  employees (employee_id, first_name, last_name, hire_date, job_title, dept_id, email, status ) VALUES (98, 'Renae', 'Kinsman', '2022-01-27', 'Assistant Manager sales', 2, 'rkinsman5@peoplemetrics.ca', 'active');
INSERT INTO  employees (employee_id, first_name, last_name, hire_date, job_title, dept_id, email, status ) VALUES (99, 'Bella', 'Chotty', '2023-07-19', 'Lead Engineer', 1, 'bchotty@peoplemetrics.ca', 'active');
INSERT INTO  employees (employee_id, first_name, last_name, hire_date, job_title, dept_id, email, status ) VALUES (100, 'Elka', 'Mingardo', '2021-09-23', 'Ops lead', 3, 'emingardo7@peoplemetrics.ca', 'terminated');
INSERT INTO  employees (employee_id, first_name, last_name, hire_date, job_title, dept_id, email, status ) VALUES (101, 'Collen', 'Spowage', '2024-10-25', 'Sales Rep', 2, 'cspowage8@peoplemetrics.ca', 'active');
INSERT INTO  employees (employee_id, first_name, last_name, hire_date, job_title, dept_id, email, status ) VALUES (102, 'Fletcher', 'Crosston', '2024-06-25', 'HR Officer', 4, 'fcrosston9@peoplemetrics.ca', 'terminated');
INSERT INTO  employees (employee_id, first_name, last_name, hire_date, job_title, dept_id, email, status ) VALUES (103, 'Christos', 'Gossling', '2023-03-01', 'Sales Manager', 2, 'cgosslinga@peoplemetrics.ca', 'active');
INSERT INTO  employees (employee_id, first_name, last_name, hire_date, job_title, dept_id, email, status ) VALUES (104, 'Bartholomeo', 'Peare', '2021-03-31', 'Operations analyst', 3, 'bpeareb@peoplemetrics.ca', 'active');
INSERT INTO  employees (employee_id, first_name, last_name, hire_date, job_title, dept_id, email, status ) VALUES (105, 'De', 'Camelin', '2023-03-09', 'Senior Engineer', 1, 'dcamelinc@peoplemetrics.ca', 'terminated');
INSERT INTO  employees (employee_id, first_name, last_name, hire_date, job_title, dept_id, email, status ) VALUES (106, 'Kathryn', 'Santarelli', '2023-02-14', 'VP Human Resources', 4, 'ksantarellid@peoplemetrics.ca', 'active');
INSERT INTO  employees (employee_id, first_name, last_name, hire_date, job_title, dept_id, email, status ) VALUES (107, 'Morrie', 'Meanwell', '2024-10-22', 'Human Resources Manager', 4, 'mmeanwelle@peoplemetrics.ca', 'active');
INSERT INTO  employees (employee_id, first_name, last_name, hire_date, job_title, dept_id, email, status ) VALUES (108, 'Christos', 'Gossling', '2023-03-01', 'Sales Manager', 2, 'cgoslinga@peoplemetrics.ca', 'active');
INSERT INTO  employees (employee_id, first_name, last_name, hire_date, job_title, dept_id, email, status ) VALUES (109, 'Rita', 'Peare', '2021-03-31', 'Operations analyst', 3, 'rpeareb@peoplemetrics.ca', 'active');
INSERT INTO  employees (employee_id, first_name, last_name, hire_date, job_title, dept_id, email, status ) VALUES (110, 'Mary', 'Camelin', '2023-03-09', 'Senior Engineer', 1, 'mcamelinc@peoplemetrics.ca', 'terminated');
INSERT INTO  employees (employee_id, first_name, last_name, hire_date, job_title, dept_id, email, status ) VALUES (111, 'Jose', 'Santarelli', '2023-02-14', 'Human Resources Oficer', 4, 'jsantarellid@peoplemetrics.ca', 'active');
INSERT INTO  employees (employee_id, first_name, last_name, hire_date, job_title, dept_id, email, status ) VALUES (112, 'Moses', 'Meanwell', '2024-10-22', 'Human Resources Manager', 4, 'momeanwelle@peoplemetrics.ca', 'active');
INSERT INTO  employees (employee_id, first_name, last_name, hire_date, job_title, dept_id, email, status ) VALUES (113, 'Kate', 'Gossling', '2023-03-01', 'Sales Manager', 2, 'kgossling@peoplemetrics.ca', 'active');

INSERT INTO  salaries (salary_id, employee_id,  amount, effective_date) VALUES (1, 83, 102500.00, '2023-03-15');
INSERT INTO  salaries (salary_id, employee_id,  amount, effective_date) VALUES (2, 84, 82000.00, '2023-07-01');
INSERT INTO  salaries (salary_id, employee_id,  amount, effective_date) VALUES (3, 85, 88500.00, '2023-01-20');
INSERT INTO  salaries (salary_id, employee_id,  amount, effective_date) VALUES (4, 86, 93000.00, '2022-11-05');
INSERT INTO  salaries (salary_id, employee_id,  amount, effective_date) VALUES (5, 87, 76000.00, '2023-04-10');
INSERT INTO  salaries (salary_id, employee_id,  amount, effective_date) VALUES (6, 88, 62000.00, '2022-09-14');
INSERT INTO  salaries (salary_id, employee_id,  amount, effective_date) VALUES (7, 89, 71500.00, '2021-06-22');
INSERT INTO  salaries (salary_id, employee_id,  amount, effective_date) VALUES (8, 90, 108000.00, '2023-02-01');
INSERT INTO  salaries (salary_id, employee_id,  amount, effective_date) VALUES (10, 92, 65000.00, '2023-11-15');
INSERT INTO  salaries (salary_id, employee_id,  amount, effective_date) VALUES (11, 93, 91000.00, '2024-01-13');
INSERT INTO  salaries (salary_id, employee_id,  amount, effective_date, salary_type) VALUES (12, 94, 89500.00, '2023-08-21', 'annual');
INSERT INTO  salaries (salary_id, employee_id,  amount, effective_date, salary_type) VALUES (13, 95, 61000.00, '2023-02-19', 'annual');
INSERT INTO  salaries (salary_id, employee_id,  amount, effective_date, salary_type) VALUES (14, 96, 67500.00, '2022-08-29', 'annual');
INSERT INTO  salaries (salary_id, employee_id,  amount, effective_date, salary_type) VALUES (15, 97, 118000.00, '2023-10-02', 'annual');
INSERT INTO  salaries (salary_id, employee_id,  amount, effective_date, salary_type) VALUES (16, 98, 72000.00, '2023-01-27', 'annual');
INSERT INTO  salaries (salary_id, employee_id,  amount, effective_date, salary_type) VALUES (17, 99, 97500.00, '2024-07-19', 'annual');
INSERT INTO  salaries (salary_id, employee_id,  amount, effective_date, salary_type) VALUES (20, 102, 56000.00, '2024-06-25', 'annual');
INSERT INTO  salaries (salary_id, employee_id,  amount, effective_date, salary_type) VALUES (21, 103, 96000.00, '2023-03-01', 'annual');
INSERT INTO  salaries (salary_id, employee_id,  amount, effective_date, salary_type) VALUES (22, 104, 63500.00, '2023-03-31', 'annual');
INSERT INTO  salaries (salary_id, employee_id,  amount, effective_date, salary_type) VALUES (23, 105, 98000.00, '2023-03-09', 'annual');
INSERT INTO  salaries (salary_id, employee_id,  amount, effective_date, salary_type) VALUES (24, 106, 148000.00, '2023-02-14', 'annual');
INSERT INTO  salaries (salary_id, employee_id,  amount, effective_date, salary_type) VALUES (25, 107, 84000.00, '2024-10-22', 'annual');
INSERT INTO  salaries (salary_id, employee_id,  amount, effective_date, salary_type) VALUES (26, 108, 94000.00, '2023-03-01', 'annual');
INSERT INTO  salaries (salary_id, employee_id,  amount, effective_date, salary_type) VALUES (27, 109, 60500.00, '2023-03-31', 'annual');
INSERT INTO  salaries (salary_id, employee_id,  amount, effective_date, salary_type) VALUES (28, 110, 95000.00, '2023-03-09', 'annual');
INSERT INTO  salaries (salary_id, employee_id,  amount, effective_date, salary_type) VALUES (29, 111, 57000.00, '2023-02-14', 'annual');
INSERT INTO  salaries (salary_id, employee_id,  amount, effective_date, salary_type) VALUES (30, 112, 81000.00, '2024-10-22', 'annual');
INSERT INTO  salaries (salary_id, employee_id,  amount, effective_date, salary_type) VALUES (31, 113, 90000.00, '2023-03-01', 'annual');
INSERT INTO  salaries (salary_id, employee_id,  amount, effective_date, salary_type) VALUES (9, 91, 71760.00, '2022-08-30, 'annual'');
INSERT INTO  salaries (salary_id, employee_id,  amount, effective_date, salary_type) VALUES (18, 100, 80600.00, '2022-09-23', 'annual');
INSERT INTO  salaries (salary_id, employee_id,  amount, effective_date, salary_type) VALUES (19, 101, 54080.00, '2024-10-25', 'annual');

INSERT INTO  performance_reviews (review_id, employee_id, review_date, score, reviewr_id, notes) VALUES (1, 84, '2020-12-28', 4, 103, 'Proactive and reliable; exceeded most targets this review period.');
INSERT INTO  performance_reviews (review_id, employee_id, review_date, score, reviewr_id, notes) VALUES (2, 84, '2022-07-17', 4, 103, 'Proactive and reliable; exceeded most targets this review period.');
INSERT INTO  performance_reviews (review_id, employee_id, review_date, score, reviewr_id, notes) VALUES (3, 85, '2023-06-05', 3, 106, 'Met all core objectives; performance is on track.');
INSERT INTO  performance_reviews (review_id, employee_id, review_date, score, reviewr_id, notes) VALUES (4, 87, '2024-08-07', 3, 91, 'Adequate results delivered; some areas identified for development.');
INSERT INTO  performance_reviews (review_id, employee_id, review_date, score, reviewr_id, notes) VALUES (5, 90, '2022-09-11', 3, 83, 'Satisfactory performance; continues to grow in the role.');
INSERT INTO  performance_reviews (review_id, employee_id, review_date, score, reviewr_id, notes) VALUES (6, 92, '2023-06-19', 4, 86, 'Proactive and reliable; exceeded most targets this review period.');
INSERT INTO  performance_reviews (review_id, employee_id, review_date, score, reviewr_id, notes) VALUES (7, 93, '2023-05-20', 4, 83, 'Proactive and reliable; exceeded most targets this review period.');
INSERT INTO  performance_reviews (review_id, employee_id, review_date, score, reviewr_id, notes) VALUES (8, 95, '2021-03-14', 3, 103, 'Met all core objectives; performance is on track.');
INSERT INTO  performance_reviews (review_id, employee_id, review_date, score, reviewr_id, notes) VALUES (9, 95, '2020-08-17', 4, 103, 'Delivered above-average outcomes with minimal supervision.');
INSERT INTO  performance_reviews (review_id, employee_id, review_date, score, reviewr_id, notes) VALUES (10, 96, '2023-07-10', 3, 106, 'Met all core objectives; performance is on track.');
INSERT INTO  performance_reviews (review_id, employee_id, review_date, score, reviewr_id, notes) VALUES (11, 99, '2025-01-22', 3, 90, 'Met all core objectives; performance is on track.');
INSERT INTO  performance_reviews (review_id, employee_id, review_date, score, reviewr_id, notes) VALUES (12, 99, '2022-12-09', 4, 90, 'Strong performer who regularly goes beyond expectations.');
INSERT INTO  performance_reviews (review_id, employee_id, review_date, score, reviewr_id, notes) VALUES (13, 100, '2022-07-08', 3, 94, 'Consistent contributor; meets expectations across the board.');
INSERT INTO  performance_reviews (review_id, employee_id, review_date, score, reviewr_id, notes) VALUES (14, 102, '2021-12-15', 4, 106, 'Strong performer who regularly goes beyond expectations.');
INSERT INTO  performance_reviews (review_id, employee_id, review_date, score, reviewr_id, notes) VALUES (15, 102, '2023-12-26', 4, 85, 'Delivered above-average outcomes with minimal supervision.');
INSERT INTO  performance_reviews (review_id, employee_id, review_date, score, reviewr_id, notes) VALUES (16, 103, '2020-01-16', 1, 108, 'Failed to meet minimum role requirements this review cycle.');
INSERT INTO  performance_reviews (review_id, employee_id, review_date, score, reviewr_id, notes) VALUES (17, 104, '2023-09-03', 3, 94, 'Adequate results delivered; some areas identified for development.');
INSERT INTO  performance_reviews (review_id, employee_id, review_date, score, reviewr_id, notes) VALUES (18, 105, '2023-01-01', 4, 90, 'Demonstrated solid results and great collaboration this cycle.');
INSERT INTO  performance_reviews (review_id, employee_id, review_date, score, reviewr_id, notes) VALUES (19, 105, '2022-01-23', 4, 83, 'Delivered above-average outcomes with minimal supervision.');
INSERT INTO  performance_reviews (review_id, employee_id, review_date, score, reviewr_id, notes) VALUES (20, 105, '2025-06-24', 1, 90, 'Significantly underperformed; formal PIP initiated.');
INSERT INTO  performance_reviews (review_id, employee_id, review_date, score, reviewr_id, notes) VALUES (21, 106, '2025-08-29', 3, 85, 'Consistent contributor; meets expectations across the board.');
INSERT INTO  performance_reviews (review_id, employee_id, review_date, score, reviewr_id, notes) VALUES (22, 108, '2024-08-16', 5, 84, 'Surpassed every goal set — highly recommended for advancement.');
INSERT INTO  performance_reviews (review_id, employee_id, review_date, score, reviewr_id, notes) VALUES (23, 109, '2023-02-28', 5, 86, 'Exceptional leadership and delivery across all key objectives.');
INSERT INTO  performance_reviews (review_id, employee_id, review_date, score, reviewr_id, notes) VALUES (24, 112, '2020-04-25', 4, 107, 'Demonstrated solid results and great collaboration this cycle.');
INSERT INTO  performance_reviews (review_id, employee_id, review_date, score, reviewr_id, notes) VALUES (25, 112, '2025-05-03', 4, 106, 'Demonstrated solid results and great collaboration this cycle.');


INSERT INTO  training (training_id, employee_id, course_name, completion_date, passed) VALUES (1, 84, 'Effective Communication Skills', '2025-08-12', false);
INSERT INTO  training (training_id, employee_id, course_name, completion_date, passed) VALUES (2, 86, 'Time Management & Productivity', '2022-12-02', true);
INSERT INTO  training (training_id, employee_id, course_name, completion_date, passed) VALUES (3, 89, 'Customer Service Excellence', '2022-05-18', true);
INSERT INTO  training (training_id, employee_id, course_name, completion_date, passed) VALUES (4, 91, 'Effective Communication Skills', '2024-12-26', true);
INSERT INTO  training (training_id, employee_id, course_name, completion_date, passed) VALUES (5, 93, 'Advanced Excel for Business', '2025-12-14', true);
INSERT INTO  training (training_id, employee_id, course_name, completion_date, passed) VALUES (6, 95, 'Customer Service Excellence', '2025-07-23', true);
INSERT INTO  training (training_id, employee_id, course_name, completion_date, passed) VALUES (7, 96, 'Diversity, Equity & Inclusion', '2025-06-25', false);
INSERT INTO  training (training_id, employee_id, course_name, completion_date, passed) VALUES (8, 98, 'Advanced Excel for Business', '2025-05-25', false);
INSERT INTO  training (training_id, employee_id, course_name, completion_date, passed) VALUES (9, 100, 'Financial Literacy for Non-Finance', '2021-07-09', true);
INSERT INTO  training (training_id, employee_id, course_name, completion_date, passed) VALUES (10, 101, 'Customer Service Excellence', '2021-10-23', true);
INSERT INTO  training (training_id, employee_id, course_name, completion_date, passed) VALUES (11, 104, 'Financial Literacy for Non-Finance', '2024-08-26', true);
INSERT INTO  training (training_id, employee_id, course_name, completion_date, passed) VALUES (12, 105, 'Agile & Scrum Methodology', '2022-02-13', false);
INSERT INTO  training (training_id, employee_id, course_name, completion_date, passed) VALUES (13, 108, 'Customer Service Excellence', '2025-06-23', true);
INSERT INTO  training (training_id, employee_id, course_name, completion_date, passed) VALUES (14, 109, 'Financial Literacy for Non-Finance', '2020-12-18', true);
INSERT INTO  training (training_id, employee_id, course_name, completion_date, passed) VALUES (15, 110, 'Agile & Scrum Methodology', '2023-02-25', true);
INSERT INTO  training (training_id, employee_id, course_name, completion_date, passed) VALUES (16, 111, 'Data Privacy & GDPR Fundamentals', '2022-11-10', true);
INSERT INTO  training (training_id, employee_id, course_name, completion_date, passed) VALUES (17, 111, 'Workplace Safety & Compliance', '2024-06-28', true);
INSERT INTO  training (training_id, employee_id, course_name, completion_date, passed) VALUES (18, 112, 'Leadership Essentials', '2024-01-12', true);
INSERT INTO  training (training_id, employee_id, course_name, completion_date, passed) VALUES (19, 112, 'Diversity, Equity & Inclusion', '2021-02-26', false);
INSERT INTO  training (training_id, employee_id, course_name, completion_date, passed) VALUES (20, 113, 'Effective Communication Skills', '2020-08-21', true);


INSERT INTO  job_history (history_id, employee_id, old_title, new_title, change_date, change_reason) VALUES (1, 89, 'Sales Rep', 'Senior Sales Rep', '2024-02-07', 'Role restructuring following departmental reorganisation.');
INSERT INTO  job_history (history_id, employee_id, old_title, new_title, change_date, change_reason) VALUES (2, 92, 'Operations Analyst', 'Ops Lead', '2024-02-06', 'Promotion tied to project delivery and exceeded KPIs.');
INSERT INTO  job_history (history_id, employee_id, old_title, new_title, change_date, change_reason) VALUES (3, 94, 'Operations Manager', 'Head of Operations', '2025-10-27', 'Title change following company-wide job classification update.');
INSERT INTO  job_history (history_id, employee_id, old_title, new_title, change_date, change_reason) VALUES (4, 98, 'Assistant Manager Sales', 'Sales Manager', '2024-02-23', 'Role restructuring following departmental reorganisation.');
INSERT INTO  job_history (history_id, employee_id, old_title, new_title, change_date, change_reason) VALUES (5, 98, 'Sales Rep', 'Senior Sales Rep', '2025-12-21', 'Merit-based promotion approved by senior management.');
INSERT INTO  job_history (history_id, employee_id, old_title, new_title, change_date, change_reason) VALUES (6, 99, 'Engineer', 'Lead Engineer', '2024-12-07', 'Promotion based on outstanding performance review.');
INSERT INTO  job_history (history_id, employee_id, old_title, new_title, change_date, change_reason) VALUES (7, 100, 'Operations Analyst', 'Operations Manager', '2023-08-07', 'Role restructuring following departmental reorganisation.');
INSERT INTO  job_history (history_id, employee_id, old_title, new_title, change_date, change_reason) VALUES (8, 100, 'Operations Analyst', 'Ops Lead', '2024-05-26', 'Promotion after successful completion of leadership programme.');
INSERT INTO  job_history (history_id, employee_id, old_title, new_title, change_date, change_reason) VALUES (9, 101, 'Senior Sales Rep', 'Sales Analyst', '2025-10-01', 'Internal transfer to meet growing business needs.');
INSERT INTO  job_history (history_id, employee_id, old_title, new_title, change_date, change_reason) VALUES (10, 103, 'Sales Analyst', 'Assistant Manager Sales', '2025-10-24', 'Internal transfer to meet growing business needs.');
INSERT INTO  job_history (history_id, employee_id, old_title, new_title, change_date, change_reason) VALUES (11, 104, 'Operations Analyst', 'Mid Operations Specialist', '2021-12-03', 'Promotion following resignation of previous role holder.');
INSERT INTO  job_history (history_id, employee_id, old_title, new_title, change_date, change_reason) VALUES (12, 109, 'Ops Lead', 'Operations Manager', '2024-06-03', 'Promotion tied to project delivery and exceeded KPIs.');
INSERT INTO  job_history (history_id, employee_id, old_title, new_title, change_date, change_reason) VALUES (13, 110, 'Junior Engineer', 'Engineer', '2024-07-27', 'Title change following company-wide job classification update.');
INSERT INTO  job_history (history_id, employee_id, old_title, new_title, change_date, change_reason) VALUES (14, 112, 'HR Manager', 'Human Resources Manager', '2025-06-06', 'Reclassification after scope of responsibilities expanded.');
INSERT INTO  job_history (history_id, employee_id, old_title, new_title, change_date, change_reason) VALUES (15, 113, 'Sales Rep', 'Sales Analyst', '2024-07-21', 'Promotion tied to project delivery and exceeded KPIs.');





INSERT INTO  turnover (turnover_id, employee_id, termination_date, reason, voluntary) VALUES (1, 110, '2025-04-26', 'Personal reasons; relocated out of province.', true);
INSERT INTO  turnover (turnover_id, employee_id, termination_date, reason, voluntary) VALUES (2, 84, '2025-06-10', 'Personal reasons; relocated out of province.', true);
INSERT INTO  turnover (turnover_id, employee_id, termination_date, reason, voluntary) VALUES (3, 89, '2021-11-06', 'Left to pursue further education.', true);
INSERT INTO  turnover (turnover_id, employee_id, termination_date, reason, voluntary) VALUES (4, 92, '2022-08-08', 'Left to pursue further education.', true);
INSERT INTO  turnover (turnover_id, employee_id, termination_date, reason, voluntary) VALUES (5, 95, '2025-01-30', 'Resigned following acceptance of a competing offer.', true);
INSERT INTO  turnover (turnover_id, employee_id, termination_date, reason, voluntary) VALUES (6, 96, '2025-09-17', 'Position eliminated as part of departmental restructuring.', false);
INSERT INTO  turnover (turnover_id, employee_id, termination_date, reason, voluntary) VALUES (7, 100, '2024-11-18', 'Voluntary resignation; career change.', true);
INSERT INTO  turnover (turnover_id, employee_id, termination_date, reason, voluntary) VALUES (8, 102, '2025-03-25', 'Personal reasons; relocated out of province.', true);
INSERT INTO  turnover (turnover_id, employee_id, termination_date, reason, voluntary) VALUES (9, 104, '2024-10-07', 'Resigned to pursue a new opportunity.', true);
INSERT INTO  turnover (turnover_id, employee_id, termination_date, reason, voluntary) VALUES (10, 105, '2025-11-20', 'Let go following violation of company policy.', false);


